District,Block
Agra,Achhnera
Agra,Akola
Agra,Bah
Agra,Barauli Ahir
Agra,Bichpuri
Agra,Etmadpur
Agra,Fatehabad
Agra,Fatehpur Sikri
Agra,Jagner
Agra,Jaitpur Kalan
Agra,Khandauli
Agra,Kheragarh
Agra,Pinahat
Agra,Saiyan
Agra,Shamsabad
Aligarh,Akrabad
Aligarh,Atrauli
Aligarh,Bijauli
Aligarh,Chandaus
Aligarh,Dhanipur
Aligarh,Gangiri
Aligarh,Gonda
Aligarh,Iglas
Aligarh,Jawan Sikanderpur
Aligarh,Khair
Aligarh,Lodha
Aligarh,Tappal
Ambedkar Nagar,Akbarpur
Ambedkar Nagar,Baskhari
Ambedkar Nagar,Bhiti
Ambedkar Nagar,Bhiyawan
Ambedkar Nagar,Jahangir Ganj
Ambedkar Nagar,Jalal Pur
Ambedkar Nagar,Katehari
Ambedkar Nagar,Ram Nagar
Ambedkar Nagar,Tanda
Amethi,Amethi
Amethi,Bahadurpur
Amethi,Bhadar
Amethi,Bhetua
Amethi,Gauriganj
Amethi,Jagdishpur
Amethi,Jamo
Amethi,Musafir Khana
Amethi,Sangrampur
Amethi,Shahgarh
Amethi,Shukul Bazar
Amethi,Singhpur
Amethi,Tiloi
Amroha,Amroha
Amroha,Dhanaura
Amroha,Gajraula
Amroha,Gangeshwari
Amroha,Hasanpur
Amroha,Joya
Auraiya,Achchalda
Auraiya,Ajitmal
Auraiya,Auraiya
Auraiya,Bhagyanagar
Auraiya,Bidhuna
Auraiya,Erwa Katra
Auraiya,Sahar
Ayodhya,Amaniganj
Ayodhya,Bikapur
Ayodhya,Hariyangatanganj
Ayodhya,Masodha
Ayodhya,Mawai
Ayodhya,Maya Bazar
Ayodhya,Milkipur
Ayodhya,Pura Bazar
Ayodhya,Rudauli
Ayodhya,Sohawal
Ayodhya,Tarun
Azamgarh,Ahiraula
Azamgarh,Atraulia
Azamgarh,Azmatgarh
Azamgarh,Bilariyaganj
Azamgarh,Haraiya
Azamgarh,Jahanaganj
Azamgarh,Koilsa
Azamgarh,Lalganj
Azamgarh,Mahrajganj
Azamgarh,Martinganj
Azamgarh,Mehnagar
Azamgarh,Mirzapur
Azamgarh,Mohammadpur
Azamgarh,Palhana
Azamgarh,Palhani
Azamgarh,Pawai
Azamgarh,Phulpur
Azamgarh,Rani Ki Sarai
Azamgarh,Sathiyaon
Azamgarh,Tahbarpur
Azamgarh,Tarwa
Azamgarh,Thekma
Baghpat,Baghpat
Baghpat,Baraut
Baghpat,Binauli
Baghpat,Chhaprauli
Baghpat,Khekra
Bahraich,Balaha
Bahraich,Chitaura
Bahraich,Huzoorpur
Bahraich,Jarwal
Bahraich,Kaisarganj
Bahraich,Mahasi
Bahraich,Mihinpurwa
Bahraich,Nawabganj
Bahraich,Payagpur
Bahraich,Phakharpur
Bahraich,Risia
Bahraich,Shivpur
Bahraich,Tejwapur
Ballia,Bairia
Ballia,Bansdih
Ballia,Belhari
Ballia,Beruarbari
Ballia,Chilkahar
Ballia,Dubhar
Ballia,Garwar
Ballia,Hanumanganj
Ballia,Maniar
Ballia,Murlichhapra
Ballia,Nagra
Ballia,Navanagar
Ballia,Pandah
Ballia,Rasra
Ballia,Reoti
Ballia,Siar
Balrampur,Balrampur
Balrampur,Gaindas Bujurg
Balrampur,Gaisri
Balrampur,Harriya Satgharwa
Balrampur,Pachpedwa
Balrampur,Rehera Bazaar
Balrampur,Shriduttganj
Balrampur,Tulsipur
Banda,Baberu
Banda,Badokhar Khurd
Banda,Bisanda
Banda,Jaspura
Banda,Kamasin
Banda,Mahuva
Banda,Naraini
Banda,Tindwari
Bara Banki,Bani Kodar
Bara Banki,Banki
Bara Banki,Dariyabad
Bara Banki,Dewa
Bara Banki,Fatehpur
Bara Banki,Haidargarh
Bara Banki,Harakh
Bara Banki,Masauli
Bara Banki,Nindaura
Bara Banki,Puredalai
Bara Banki,Ramnagar
Bara Banki,Sidhaur
Bara Banki,Sirauli Gauspur
Bara Banki,Suratganj
Bareilly,Aalampur Jafarabad
Bareilly,Baheri
Bareilly,Bhadpura
Bareilly,Bhojipura
Bareilly,Bhuta
Bareilly,Bithiri Chainpur
Bareilly,Damkhauda
Bareilly,Faridpur
Bareilly,Fatehganj West
Bareilly,Kyara
Bareilly,Majhgawan
Bareilly,Mirganj
Bareilly,Nawabganj
Bareilly,Ramnagar
Basti,Bahadurpur
Basti,Bankati
Basti,Basti
Basti,Dubauliya
Basti,Gaur
Basti,Harraiya
Basti,Kaptanganj
Basti,Kudaraha
Basti,Paras Rampur
Basti,Ramnagar
Basti,Rudauli
Basti,Saltaua Gopal Pur
Basti,Sau Ghat
Bhadohi,Abhauli
Bhadohi,Aurai
Bhadohi,Bhadohi
Bhadohi,Deegh
Bhadohi,Gyanpur
Bijnor,Afzalgarh
Bijnor,Budhanpur Seohara
Bijnor,Dhampur
Bijnor,Haldaur(Khari Jhalu)
Bijnor,Jalilpur
Bijnor,Kiratpur
Bijnor,Kotwali
Bijnor,Mohammedpur Deomal
Bijnor,Najibabad
Bijnor,Nehtaur
Budaun,Ambiapur
Budaun,Asafpur
Budaun,Bisauli
Budaun,Dahgavan
Budaun,Dataganj
Budaun,Islamnagar
Budaun,Jagat
Budaun,Mion
Budaun,Qadar Chowk
Budaun,Sahaswan
Budaun,Salarpur
Budaun,Samrer
Budaun,Ujhani
Budaun,Usawan
Bulandshahr,Agauta
Bulandshahr,Anupshahr
Bulandshahr,Araniya
Bulandshahr,Bhawan Bahadur Nagar
Bulandshahr,Bulandshahr
Bulandshahr,Danpur
Bulandshahr,Dibai
Bulandshahr,Gulaothi
Bulandshahr,Jahangirabad
Bulandshahr,Khurja
Bulandshahr,Lakhaothi
Bulandshahr,Pahasu
Bulandshahr,Shikarpur
Bulandshahr,Sikandrabad
Bulandshahr,Syana
Chandauli,Berahani
Chandauli,Chahniya
Chandauli,Chakiya
Chandauli,Chandauli
Chandauli,Dhanapur
Chandauli,Naugarh
Chandauli,Niyamatabad
Chandauli,Sahabganj
Chitrakoot,Karwi
Chitrakoot,Manikpur
Chitrakoot,Mau
Chitrakoot,Pahari
Deoria,Baitalpur
Deoria,Bankata
Deoria,Barhaj
Deoria,Bhagalpur
Deoria,Bhaluani
Deoria,Bhatni
Deoria,Bhatpar Rani
Deoria,Deoria Sadar
Deoria,Desai Deoria
Deoria,Gauri Bazar
Deoria,Lar
Deoria,Pathar Dewa
Deoria,Rampur Karkhana
Deoria,Rudrapur
Deoria,Salempur
Etah,Aliganj
Etah,Awagarh
Etah,Jaithara
Etah,Jalesar
Etah,Marehra
Etah,Nidhauli Kalan
Etah,Sakit
Etawah,Barhpura
Etawah,Basrehar
Etawah,Bharthana
Etawah,Chakarnagar
Etawah,Jaswantnagar
Etawah,Mahewa
Etawah,Sefai
Farrukhabad,Barhpur
Farrukhabad,Kaimganj
Farrukhabad,Kamalganj
Farrukhabad,Mohamdabad
Farrukhabad,Nawabganj
Farrukhabad,Rajepur
Fatehpur,Airayan
Fatehpur,Amauli
Fatehpur,Asothar
Fatehpur,Bahua
Fatehpur,Bhitaura
Fatehpur,Devmai
Fatehpur,Dhata
Fatehpur,Haswa
Fatehpur,Hathgaon
Fatehpur,Khajuha
Fatehpur,Malwan
Fatehpur,Telyani
Firozabad,Araon
Firozabad,Eka
Firozabad,Firozabad
Firozabad,Hathwant
Firozabad,Jasrana
Firozabad,Madanpur
Firozabad,Narkhi
Firozabad,Shikohabad
Gautam Buddha Nagar,Bisrakh
Gautam Buddha Nagar,Dadri
Ghaziabad,Bhojpur
Ghaziabad,Loni
Ghaziabad,Muradnagar
Ghazipur,Bhadaura
Ghazipur,Bhanwarkol
Ghazipur,Devkali
Ghazipur,Ghazipur
Ghazipur,Jakhania
Ghazipur,Karanda
Ghazipur,Kasimabad
Ghazipur,Manihari
Ghazipur,Mardah
Ghazipur,Mohammadabad
Ghazipur,Revatipur
Ghazipur,Sadat
Ghazipur,Saidpur
Ghazipur,Varachakwar
Ghazipur,Virno
Gonda,Babhanjot
Gonda,Belsar
Gonda,Chhapia
Gonda,Colonelganj
Gonda,Haldharmau
Gonda,Itiathok
Gonda,Jhanjhari
Gonda,Katra Bazar
Gonda,Mankapur
Gonda,Mujehana
Gonda,Nawabganj
Gonda,Pandri Kripal
Gonda,Paraspur
Gonda,Rupaideeh
Gonda,Tarabganj
Gorakhpur,Bansgaon
Gorakhpur,Barhalganj
Gorakhpur,Belghat
Gorakhpur,Bharohiya
Gorakhpur,Bhathat
Gorakhpur,Brahmpur
Gorakhpur,Campierganj
Gorakhpur,Chargawan
Gorakhpur,Gagaha
Gorakhpur,Gola
Gorakhpur,Jangal Kaudia
Gorakhpur,Kauri Ram
Gorakhpur,Khajni
Gorakhpur,Khorabar
Gorakhpur,Pali
Gorakhpur,Pipraich
Gorakhpur,Piprauli
Gorakhpur,Sahjanawa
Gorakhpur,Sardarnagar
Hamirpur,Gohand
Hamirpur,Kurara
Hamirpur,Maudaha
Hamirpur,Muskara
Hamirpur,Rath
Hamirpur,Sarila
Hapur,Dhaulana
Hapur,Garh Mukteshwar
Hapur,Hapur
Hardoi,Ahirori
Hardoi,Bawan
Hardoi,Behendar
Hardoi,Bharawan
Hardoi,Bharkhani
Hardoi,Bilgram
Hardoi,Hariyawan
Hardoi,Harpalpur
Hardoi,Kachauna
Hardoi,Kothawan
Hardoi,Madhoganj
Hardoi,Mallawan
Hardoi,Pihani
Hardoi,Sandi
Hardoi,Sandila
Hardoi,Shahabad
Hardoi,Sursa
Hardoi,Tandiyawan
Hathras,Hasayan
Hathras,Hathras
Hathras,Mursan
Hathras,Sadabad
Hathras,Sasni
Hathras,Sehpau
Jalaun,Dakore
Jalaun,Jalaun
Jalaun,Kadaura
Jalaun,Konch
Jalaun,Kuthaund
Jalaun,Madhogarh
Jalaun,Maheva
Jalaun,Nadigaon
Jaunpur,Badla Pur
Jaunpur,Baksha
Jaunpur,Barasathi
Jaunpur,Dharma Pur
Jaunpur,Dobhi
Jaunpur,Jalal Pur
Jaunpur,Karanja Kala
Jaunpur,Kerakat
Jaunpur,Khuthan
Jaunpur,Machchali Shahar
Jaunpur,Maharaj Ganj
Jaunpur,Mariyahu
Jaunpur,Mufti Ganj
Jaunpur,Mungra Badshah Pur
Jaunpur,Ram Nagar
Jaunpur,Ram Pur
Jaunpur,Shah Ganj
Jaunpur,Sikrara
Jaunpur,Sirkoni
Jaunpur,Suitha Kala
Jhansi,Babina
Jhansi,Badagaon
Jhansi,Bamaur
Jhansi,Bangra
Jhansi,Chirgaon
Jhansi,Gursarai
Jhansi,Mauranipur
Kannauj,Chhibramau
Kannauj,Gughrapur
Kannauj,Haseran
Kannauj,Jalalabad
Kannauj,Kannauj
Kannauj,Saurikh
Kannauj,Talgram
Kanpur Dehat,Akbarpur
Kanpur Dehat,Amrodha
Kanpur Dehat,Derapur
Kanpur Dehat,Jhinjhak
Kanpur Dehat,Maitha
Kanpur Dehat,Malasa
Kanpur Dehat,Rajpur
Kanpur Dehat,Rasulabad
Kanpur Dehat,Sandalpur
Kanpur Nagar,Bhitargaon
Kanpur Nagar,Bilhaur
Kanpur Nagar,Chaubeypur
Kanpur Nagar,Ghatampur
Kanpur Nagar,Kakwan
Kanpur Nagar,Kalyanpur
Kanpur Nagar,Patara
Kanpur Nagar,Sarsol
Kanpur Nagar,Shivrajpur
Kasganj,Amanpur
Kasganj,Ganj Dundwara
Kasganj,Kasganj
Kasganj,Patiyali
Kasganj,Sahawar
Kasganj,Sidhpura
Kaushambi,Chail
Kaushambi,Kara
Kaushambi,Kaushambi
Kaushambi,Manjhanpur
Kaushambi,Mooratganj
Kaushambi,Nevada
Kaushambi,Sarsawan
Kheri,Bankeyganj
Kheri,Behjam
Kheri,Bijuwa
Kheri,Dhaurhara
Kheri,Isanagar
Kheri,Kumbhigola
Kheri,Lakhimpur
Kheri,Mitauli
Kheri,Mohammadi
Kheri,Nakaha
Kheri,Nighasan
Kheri,Palia
Kheri,Pasgawan
Kheri,Phoolbehar
Kushinagar,Dudhahi
Kushinagar,Fazilnagar
Kushinagar,Hata
Kushinagar,Kaptainganj
Kushinagar,Kasaya
Kushinagar,Khadda
Kushinagar,Motichak
Kushinagar,Nebua Naurangia
Kushinagar,Padrauna
Kushinagar,Ramkola
Kushinagar,Seorahi
Kushinagar,Sukrauli
Kushinagar,Tamkuhiraj
Kushinagar,Vishunpura
Kheri,Bankeyganj
Kheri,Behjam
Kheri,Bijuwa
Kheri,Dhaurhara
Kheri,Isanagar
Kheri,Kumbhigola
Kheri,Lakhimpur
Kheri,Mitauli
Kheri,Mohammadi
Kheri,Nakaha
Kheri,Nighasan
Kheri,Palia
Kheri,Pasgawan
Kheri,Phoolbehar
Kheri,Ramia Behar
Lucknow,Bakshi-Ka-Talab
Lucknow,Chinhat
Lucknow,Gosaiganj
Lucknow,Kakori
Lucknow,Mal
Lucknow,Malihabad
Lucknow,Mohanlalganj
Lucknow,Sarojaninagar
Maharajganj,Brijmanganj
Maharajganj,Dhani
Maharajganj,Partawal
Maharajganj,Paniyara
Maharajganj,Lakshmipur
Maharajganj,Ghughali
Maharajganj,Mithaura
Maharajganj,Nautanwa
Maharajganj,Pharenda
Maharajganj,Nichlaul
Maharajganj,Sadar
Maharajganj,Siswa
Mahoba,Kabrai
Mahoba,Charkhari
Mahoba,Jaitpur
Mahoba,Panwari
Mainpuri,Mainpuri
Mainpuri,Ghiror
Mainpuri,Bewar
Mainpuri,Jagir
Mainpuri,Sultanganj
Mainpuri,Karhal
Mainpuri,Kurawali
Mainpuri,Kishni
Mainpuri,Barnahal
Mathura,Nandgaon
Mathura,Chhata
Mathura,Chaumuha
Mathura,Goverdhan
Mathura,Mathura
Mathura,Farah
Mathura,Raya
Mathura,Baldeo
Mathura,Naujheel
Mathura,Mant
Mau,Badraon
Mau,Dohri Ghat
Mau,Fatehpur Mandaon
Mau,Ghosi
Mau,Kopaganj
Mau,Muhammadabad Gohana
Mau,Pardaha
Mau,Ranipur
Mau,Ratanpura
Meerut,Daurala
Meerut,Hastinapur
Meerut,Janikhurd
Meerut,Kharkhoda
Meerut,Machra
Meerut,Mawana Kalan
Meerut,Meerut
Meerut,Parikshitgarh
Meerut,Rajpura
Meerut,Rohta
Meerut,Sardhana
Meerut,Sarurpur Khurd
Mirzapur,City
Mirzapur,Chhanbey
Mirzapur,Hallia
Mirzapur,Jamalpur
Mirzapur,Kon
Mirzapur,Lalganj
Mirzapur,Majhawan
Mirzapur,Narayanpur
Mirzapur,Patehara
Mirzapur,Pahari
Mirzapur,Rajgarh
Mirzapur,Shikhad
Moradabad,Moradabad
Moradabad,Bilari
Moradabad,Bhagatpur Tanda
Moradabad,Chajlet
Moradabad,Dilari
Moradabad,Kundarki
Moradabad,Mundapandey
Moradabad,Thakurdwara
Muzaffarnagar,Sadar Kukda
Muzaffarnagar,Budhana
Muzaffarnagar,Baghra
Muzaffarnagar,Shahpur
Muzaffarnagar,Purquazi
Muzaffarnagar,Charthawal
Muzaffarnagar,Morna
Muzaffarnagar,Jansath
Muzaffarnagar,Khatauli
Pilibhit,Puranpur
Pilibhit,Amariya
Pilibhit,Barkhera
Pilibhit,Bilsanda
Pilibhit,Bisalpur
Pilibhit,Lalaurikhera
Pilibhit,Marori
Pratapgarh,Aspur Deosara
Pratapgarh,Baba Belkharnath Dham
Pratapgarh,Babaganj
Pratapgarh,Bihar
Pratapgarh,Gaura
Pratapgarh,Kalakankar
Pratapgarh,Kunda
Pratapgarh,Lakshamanpur
Pratapgarh,Lalganj
Pratapgarh,Magraura
Pratapgarh,Mandhata
Pratapgarh,Patti
Pratapgarh,Pratapgarh (Sadar)
Pratapgarh,Rampur Sanramgarh
Pratapgarh,Sandwa Chandrika
Pratapgarh,Sangipur
Pratapgarh,Shivgarh
Prayagraj,Bahadurpur
Prayagraj,Bahria
Prayagraj,Bhagwatpur
Prayagraj,Chaka
Prayagraj,Dhanupur
Prayagraj,Handia
Prayagraj,Holagarh
Prayagraj,Jasra
Prayagraj,Karchhana
Prayagraj,Kaudhiyara
Prayagraj,Kaurihar
Prayagraj,Koraon
Prayagraj,Manda
Prayagraj,Mauaima
Prayagraj,Meja
Prayagraj,Phulpur
Prayagraj,Pratappur
Prayagraj,Sahson
Prayagraj,Saidabad
Prayagraj,Shankargarh
Prayagraj,Soraon
Prayagraj,Sringverpur Dham
Prayagraj,Uruwan
Rae Bareli,Amawan
Rae Bareli,Bachharawan
Rae Bareli,Chhatoh
Rae Bareli,Dalmau
Rae Bareli,Deenshah Gaura
Rae Bareli,Dih
Rae Bareli,Harchandpur
Rae Bareli,Jagatpur
Rae Bareli,Khiron
Rae Bareli,Lalganj
Rae Bareli,Mahrajganj
Rae Bareli,Rahi
Rae Bareli,Rohania
Rae Bareli,Salon
Rae Bareli,Sareni
Rae Bareli,Sataon
Rae Bareli,Shivgarh
Rae Bareli,Unchahar
Rampur,Bilaspur
Rampur,Chamraon
Rampur,Milak
Rampur,Saidnagar
Rampur,Shahabad
Rampur,Suar
Saharanpur,Ballia Kheri
Saharanpur,Deoband
Saharanpur,Gangoh
Saharanpur,Muzaffarabad
Saharanpur,Nagal
Saharanpur,Nakur
Saharanpur,Nanauta
Saharanpur,Puwarka
Saharanpur,Rampur Maniharan
Saharanpur,Sadauli Qadeem
Saharanpur,Sarsawan
Sambhal,Asmauli
Sambhal,Bahjoi
Sambhal,Baniyakhera
Sambhal,Gunnaur
Sambhal,Junawai
Sambhal,Panwasa
Sambhal,Rajpura
Sambhal,Sambhal
Sant Kabir Nagar,Baghauli
Sant Kabir Nagar,Belhar Kala
Sant Kabir Nagar,Hainsar Bazar
Sant Kabir Nagar,Khalilabad
Sant Kabir Nagar,Mehdawal
Sant Kabir Nagar,Nath Nagar
Sant Kabir Nagar,Pauli
Sant Kabir Nagar,Santha
Sant Kabir Nagar,Semariyawan
Shahjahanpur,Banda
Shahjahanpur,Bhawal Khera
Shahjahanpur,Dadrol
Shahjahanpur,Jaitipur
Shahjahanpur,Jalalabad
Shahjahanpur,Kalan
Shahjahanpur,Kanth
Shahjahanpur,Khudaganj Katra
Shahjahanpur,Khutar
Shahjahanpur,Madnapur
Shahjahanpur,Mirzapur
Shahjahanpur,Nigohi
Shahjahanpur,Powayan
Shahjahanpur,Sindhauli
Shamli,Kairana
Shamli,Kandhla
Shamli,Shamli
Shamli,Thana Bhawan
Shamli,Un
Shrawasti,Ekona
Shrawasti,Gilaula
Shrawasti,Hariharpur Rani
Shrawasti,Jamunaha
Siddharthnagar,Bansi
Siddharthnagar,Barhni
Siddharthnagar,Bhanwapur
Siddharthnagar,Birdpur
Siddharthnagar,Domariyaganj
Siddharthnagar,Itwa
Siddharthnagar,Jogia
Siddharthnagar,Khesraha
Siddharthnagar,Khuniyaon
Siddharthnagar,Lotan
Siddharthnagar,Mithwal
Siddharthnagar,Naugarh
Siddharthnagar,Shoharatgarh
Siddharthnagar,Uska Bazar
Sitapur,Ailiya
Sitapur,Behta
Sitapur,Biswan
Sitapur,Gondlamau
Sitapur,Hargaon
Sitapur,Kasmanda
Sitapur,Khairabad
Sitapur,Laharpur
Sitapur,Machhrehta
Sitapur,Mahmudabad
Sitapur,Maholi
Sitapur,Misrikh
Sitapur,Pahala
Sitapur,Parsendi
Sitapur,Pisawan
Sitapur,Rampur Mathura
Sitapur,Reusa
Sitapur,Sakran
Sitapur,Sidhauli
Sonbhadra,Babhani
Sonbhadra,Chatra
Sonbhadra,Chopan
Sonbhadra,Dudhi
Sonbhadra,Ghorawal
Sonbhadra,Karma
Sonbhadra,Kone
Sonbhadra,Myorpur
Sonbhadra,Nagwa
Sultanpur,Akhand Nagar
Sultanpur,Baldirai
Sultanpur,Bhadaiya
Sultanpur,Dhanpatganj
Sultanpur,Dostpur
Sultanpur,Dubepur
Sultanpur,Jaisinghpur
Sultanpur,Kadipur
Sultanpur,Karaudikala
Sultanpur,Kurebhar
Sultanpur,Kurwar
Sultanpur,Lambhua
Sultanpur,Motigarpur
Sultanpur,P.P.Kamaicha
Unnao,Asoha
Unnao,Auras
Unnao,Bangarmau
Unnao,Bichhiya
Unnao,Bighapur
Unnao,Fatehpur Chaurasi
Unnao,Ganj Moradabad
Unnao,Hasanganj
Unnao,Hilauli
Unnao,Mianganj
Unnao,Nawabganj
Unnao,Purwa
Unnao,Safipur
Unnao,Sikandarpur Karan
Unnao,Sikandarpur Sarausi
Unnao,Sumerpur
Varanasi,Arajiline
Varanasi,Baragaon
Varanasi,Chiraigaon
Varanasi,Cholapur
Varanasi,Harahua
Varanasi,Kashi Vidyapeeth
Varanasi,Pindra
Varanasi,Sevapuri